{"EventReward": 0.0, "FaceBallReward": -7.645799784176818, "LiuDistanceBallToGoalReward": 611.7444786635704, "VelocityBallToGoalReward": -2.7340726209858643}